mean_fit_time,std_fit_time,mean_score_time,std_score_time,param_clf__C,params,split0_test_score,split1_test_score,split2_test_score,split3_test_score,split4_test_score,mean_test_score,std_test_score,rank_test_score,split0_train_score,split1_train_score,split2_train_score,split3_train_score,split4_train_score,mean_train_score,std_train_score
0.009596920013427735,0.0016183398054352169,0.0027264118194580077,0.00037700865681353804,0.01,{'clf__C': 0.01},0.8333333333333334,0.9166666666666666,0.7916666666666666,0.9166666666666666,0.9166666666666666,0.875,0.05270462766947298,5,0.8854166666666666,0.875,0.8958333333333334,0.8958333333333334,0.8854166666666666,0.8875,0.007795119555779065
0.008560943603515624,0.002155212005831288,0.0026360511779785155,0.0012633400430371966,0.1,{'clf__C': 0.1},0.9583333333333334,0.9166666666666666,0.8333333333333334,0.9166666666666666,0.9583333333333334,0.9166666666666666,0.04564354645876384,4,0.9270833333333334,0.9375,0.9270833333333334,0.9270833333333334,0.9270833333333334,0.9291666666666668,0.004166666666666652
0.006981754302978515,0.0011373840276660524,0.002140188217163086,0.0008640679372736296,1.0,{'clf__C': 1.0},0.9583333333333334,1.0,0.9583333333333334,0.9583333333333334,0.9166666666666666,0.9583333333333334,0.026352313834736508,3,0.9583333333333334,0.9583333333333334,0.96875,0.96875,0.9791666666666666,0.9666666666666668,0.007795119555779016
0.007917833328247071,0.0012129650633351482,0.002254152297973633,0.00031821028851858,10.0,{'clf__C': 10.0},1.0,1.0,0.9583333333333334,0.9583333333333334,0.9166666666666666,0.9666666666666668,0.031180478223116186,1,0.96875,0.9791666666666666,0.9791666666666666,0.9895833333333334,0.9895833333333334,0.98125,0.007795119555779065
0.00989360809326172,0.0033058482683506656,0.002434062957763672,0.00046957163250938347,100.0,{'clf__C': 100.0},1.0,1.0,0.9583333333333334,0.9583333333333334,0.9166666666666666,0.9666666666666668,0.031180478223116186,1,0.9791666666666666,0.9791666666666666,0.9791666666666666,0.9895833333333334,1.0,0.9854166666666668,0.008333333333333354
