mean_fit_time,std_fit_time,mean_score_time,std_score_time,param_clf__C,params,split0_test_score,split1_test_score,split2_test_score,split3_test_score,split4_test_score,mean_test_score,std_test_score,rank_test_score,split0_train_score,split1_train_score,split2_train_score,split3_train_score,split4_train_score,mean_train_score,std_train_score
0.008855390548706054,0.0020988858671914658,0.0027101516723632814,0.0005116953164134867,0.01,{'clf__C': 0.01},0.8333333333333334,0.9166666666666666,0.7916666666666666,0.9166666666666666,0.9166666666666666,0.875,0.05270462766947298,5,0.8854166666666666,0.875,0.8958333333333334,0.8958333333333334,0.8854166666666666,0.8875,0.007795119555779065
0.009792137145996093,0.0006973448347711544,0.002878236770629883,0.0005146553482346856,0.1,{'clf__C': 0.1},0.9583333333333334,0.9166666666666666,0.8333333333333334,0.9166666666666666,0.9583333333333334,0.9166666666666666,0.04564354645876384,4,0.9270833333333334,0.9375,0.9270833333333334,0.9270833333333334,0.9270833333333334,0.9291666666666668,0.004166666666666652
0.0072382926940917965,0.00245808814405626,0.0023306846618652345,0.0005389106228282235,1.0,{'clf__C': 1.0},0.9583333333333334,1.0,0.9583333333333334,0.9583333333333334,0.9166666666666666,0.9583333333333334,0.026352313834736508,3,0.9583333333333334,0.9583333333333334,0.96875,0.96875,0.9791666666666666,0.9666666666666668,0.007795119555779016
0.00699000358581543,0.0010234346206700236,0.00200958251953125,0.0005461820989243342,10.0,{'clf__C': 10.0},1.0,1.0,0.9583333333333334,0.9583333333333334,0.9166666666666666,0.9666666666666668,0.031180478223116186,1,0.96875,0.9791666666666666,0.9791666666666666,0.9895833333333334,0.9895833333333334,0.98125,0.007795119555779065
0.006781959533691406,0.00048005156933144007,0.0025204181671142577,0.0004488627408561661,100.0,{'clf__C': 100.0},1.0,1.0,0.9583333333333334,0.9583333333333334,0.9166666666666666,0.9666666666666668,0.031180478223116186,1,0.9791666666666666,0.9791666666666666,0.9791666666666666,0.9895833333333334,1.0,0.9854166666666668,0.008333333333333354
