{
  "rmse": 98525.95635043381,
  "r2": 0.813190829216982,
  "mae": 53260.95345571013
}