{
  "rmse": 98769.609029111,
  "r2": 0.812265736230193,
  "mae": 53534.42816674986
}