{
  "rmse": 0.6132369387877384,
  "r2": 0.4245506177199202,
  "mae": 0.49538434140826276
}