{
  "rmse": 101207.02108963236,
  "r2": 0.8028856879034268,
  "mae": 54891.37382615719
}