mean_fit_time,std_fit_time,mean_score_time,std_score_time,param_clf__C,params,split0_test_score,split1_test_score,split2_test_score,split3_test_score,split4_test_score,mean_test_score,std_test_score,rank_test_score,split0_train_score,split1_train_score,split2_train_score,split3_train_score,split4_train_score,mean_train_score,std_train_score
0.015358924865722656,0.0021394116639960694,0.0023322105407714844,0.0,0.01,{'clf__C': 0.01},0.8333333333333334,0.9444444444444444,0.8333333333333334,0.8333333333333334,0.9444444444444444,0.8777777777777779,0.05443310539518171,5,0.8888888888888888,0.875,0.9027777777777778,0.8888888888888888,0.8888888888888888,0.888888888888889,0.008784104611578835
0.018432092666625977,0.008430597706348821,0.0029267311096191407,0.0011890411376953127,0.1,{'clf__C': 0.1},1.0,0.9444444444444444,0.8888888888888888,0.8333333333333334,0.9444444444444444,0.9222222222222222,0.05665577237325316,4,0.9305555555555556,0.9444444444444444,0.9166666666666666,0.9722222222222222,0.9583333333333334,0.9444444444444444,0.019641855032959663
0.009601306915283204,0.002420716518079381,0.003139162063598633,0.0012823792399004265,1.0,{'clf__C': 1.0},1.0,1.0,0.9444444444444444,0.9444444444444444,1.0,0.9777777777777779,0.027216552697590882,1,0.9722222222222222,0.9861111111111112,0.9861111111111112,0.9861111111111112,0.9722222222222222,0.9805555555555555,0.0068041381743977475
0.005775594711303711,0.0006284560996183382,0.00243992805480957,0.0006518589879538785,10.0,{'clf__C': 10.0},1.0,1.0,0.9444444444444444,0.9444444444444444,1.0,0.9777777777777779,0.027216552697590882,1,0.9722222222222222,0.9722222222222222,0.9861111111111112,1.0,0.9722222222222222,0.9805555555555555,0.011111111111111122
0.00572514533996582,0.00040593419219174526,0.001602506637573242,0.0004910462850454517,100.0,{'clf__C': 100.0},1.0,1.0,0.9444444444444444,0.9444444444444444,1.0,0.9777777777777779,0.027216552697590882,1,0.9722222222222222,0.9722222222222222,1.0,1.0,0.9722222222222222,0.9833333333333334,0.013608276348795441
