mean_fit_time,std_fit_time,mean_score_time,std_score_time,param_clf__C,params,split0_test_score,split1_test_score,split2_test_score,split3_test_score,split4_test_score,mean_test_score,std_test_score,rank_test_score,split0_train_score,split1_train_score,split2_train_score,split3_train_score,split4_train_score,mean_train_score,std_train_score
0.008243417739868164,0.0009201831279333027,0.0027627468109130858,0.0004538882739892303,0.01,{'clf__C': 0.01},0.8333333333333334,0.9166666666666666,0.7916666666666666,0.9166666666666666,0.9166666666666666,0.875,0.05270462766947298,5,0.8854166666666666,0.875,0.8958333333333334,0.8958333333333334,0.8854166666666666,0.8875,0.007795119555779065
0.008398675918579101,0.0011573008326597573,0.0029116153717041017,0.0005885405851309319,0.1,{'clf__C': 0.1},0.9583333333333334,0.9166666666666666,0.8333333333333334,0.9166666666666666,0.9583333333333334,0.9166666666666666,0.04564354645876384,4,0.9270833333333334,0.9375,0.9270833333333334,0.9270833333333334,0.9270833333333334,0.9291666666666668,0.004166666666666652
0.005372095108032227,0.0009198577906246902,0.001911163330078125,0.000581914238952018,1.0,{'clf__C': 1.0},0.9583333333333334,1.0,0.9583333333333334,0.9583333333333334,0.9166666666666666,0.9583333333333334,0.026352313834736508,3,0.9583333333333334,0.9583333333333334,0.96875,0.96875,0.9791666666666666,0.9666666666666668,0.007795119555779016
0.006836748123168946,0.0008037614805273031,0.0021184444427490234,0.00041315810307715706,10.0,{'clf__C': 10.0},1.0,1.0,0.9583333333333334,0.9583333333333334,0.9166666666666666,0.9666666666666668,0.031180478223116186,1,0.96875,0.9791666666666666,0.9791666666666666,0.9895833333333334,0.9895833333333334,0.98125,0.007795119555779065
0.007141017913818359,0.0007873596262325062,0.002410888671875,0.0011620246534102662,100.0,{'clf__C': 100.0},1.0,1.0,0.9583333333333334,0.9583333333333334,0.9166666666666666,0.9666666666666668,0.031180478223116186,1,0.9791666666666666,0.9791666666666666,0.9791666666666666,0.9895833333333334,1.0,0.9854166666666668,0.008333333333333354
