{
  "rmse": 0.6103568705814821,
  "r2": 0.42994312274061997,
  "mae": 0.4927909509060521
}